{
  "evaluation_model_id": null,
  "expansion_mode": "source_anchor_neighborhood",
  "hybrid_preset": "full_hybrid",
  "hybrid_weights": {
    "graph_prior_score": 0.25,
    "lexical_score": 1.0,
    "locator_score": 0.25,
    "metadata_score": 0.5,
    "type_modality_score": 0.25
  },
  "model_config_hash": null,
  "model_role_status": "pass",
  "no_gold_fields_used": true,
  "retrieval_method": "deterministic_hybrid",
  "run_name": "query_doc_all_topk4_hybrid_full_hybrid_source_anchor",
  "scope_mode": "query_doc_all",
  "stage2_artifact_coverage": {
    "artifact_type_counts": {
      "caption": 49,
      "figure": 50,
      "numeric_fact": 49,
      "section_header": 49,
      "table": 49,
      "table_cell": 49,
      "text_span": 49,
      "visual_observation": 50,
      "visual_region": 50
    },
    "image_payload_rate": 0.0,
    "num_artifacts": 444,
    "num_selected_docs": 13,
    "num_selected_pages": 50,
    "proof_trace_eligible_rate": 0.6621621621621622
  },
  "stage2_model_id": null,
  "stage3_model_id": null,
  "stage3_retrieval": {
    "artifact_coverage_rate": 0.08946877912395154,
    "coverage_at_k_by_page": {
      "1": 0.005312208760484623,
      "3": 0.007176141658900279,
      "5": 0.009816713264989127
    },
    "num_queries_with_doc_artifacts": 96,
    "num_queries_with_nonzero_scores": 96,
    "recall_at_k_by_page": {
      "1": 0.007455731593662628,
      "3": 0.009319664492078284,
      "5": 0.0130475302889096
    },
    "zero_hit_query_count": 977
  },
  "stage4_graph_expansion": {
    "added_gold_page_hit_rate": 0.14583333333333334,
    "added_ratio": 0.9226467847157502,
    "avg_added_artifacts": 0.9226467847157502,
    "avg_expanded_artifacts": 1.369990680335508,
    "avg_flat_artifacts": 0.4473438956197577,
    "delta_coverage_at_k": {
      "1": 0.0,
      "3": 0.0,
      "5": 0.0
    },
    "delta_recall_at_k": {
      "1": 0.0,
      "3": 0.0,
      "5": 0.0
    },
    "expanded_coverage_at_k": {
      "1": 0.005312208760484623,
      "3": 0.007176141658900279,
      "5": 0.009816713264989127
    },
    "expanded_recall_at_k": {
      "1": 0.007455731593662628,
      "3": 0.009319664492078284,
      "5": 0.0130475302889096
    },
    "expansion_factor": 1.369990680335508,
    "expansion_ratio": 1.369990680335508,
    "flat_coverage_at_k": {
      "1": 0.005312208760484623,
      "3": 0.007176141658900279,
      "5": 0.009816713264989127
    },
    "flat_recall_at_k": {
      "1": 0.007455731593662628,
      "3": 0.009319664492078284,
      "5": 0.0130475302889096
    },
    "num_edges": 3970,
    "used_debug_edges": false,
    "used_semantic_edges": false
  },
  "stage4_model_id": null,
  "used_debug_edges": false,
  "used_semantic_edges": false
}