{
  "coverage_at_k_by_page": {
    "1": 0.002516309412861137,
    "3": 0.0034482758620689655,
    "5": 0.0034482758620689655
  },
  "evaluation_only": true,
  "no_gold_available_count": 226,
  "num_queries": 1073,
  "num_queries_with_gold": 847,
  "recall_at_k_by_page": {
    "1": 0.003727865796831314,
    "3": 0.004659832246039142,
    "5": 0.004659832246039142
  },
  "retrieved_artifact_type_distribution": {
    "caption": 32,
    "figure": 27,
    "numeric_fact": 9,
    "section_header": 20,
    "text_span": 53,
    "visual_observation": 21,
    "visual_region": 38
  },
  "retrieved_modality_distribution": {
    "image": 48,
    "layout": 58,
    "numeric": 9,
    "text": 85
  },
  "zero_hit_query_count": 1033
}