{
  "activation": {
    "activated_count": 113,
    "changed_count": 88,
    "decision": "build_heldout_subset",
    "eligible_for_heldout_count": 103,
    "original_plus_changed_count": 66,
    "strong_eligible_page_count": 20
  },
  "concentration": {
    "activated_by_doc": {
      "05-03-18-political-release.pdf": 10,
      "2005.12872v3.pdf": 2,
      "2023.acl-long.386.pdf": 6,
      "2023.findings-emnlp.248.pdf": 2,
      "2210.02442v1.pdf": 4,
      "2303.05039v2.pdf": 8,
      "8dfc21ec151fb9d3578fc32d5c4e5df9.pdf": 10,
      "AMAZON_2017_10K.pdf": 12,
      "BESTBUY_2023_10K.pdf": 13,
      "COSTCO_2021_10K.pdf": 14,
      "NETFLIX_2015_10K.pdf": 10,
      "afe620b9beac86c1027b96d31d396407.pdf": 11,
      "e79deb02a0c0e87511080836c5d4347b.pdf": 11
    },
    "activated_by_page": {
      "05-03-18-political-release.pdf#p003": 10,
      "2005.12872v3.pdf#p008": 2,
      "2005.12872v3.pdf#p012": 2,
      "2023.acl-long.386.pdf#p001": 3,
      "2023.acl-long.386.pdf#p003": 5,
      "2023.findings-emnlp.248.pdf#p002": 1,
      "2023.findings-emnlp.248.pdf#p013": 1,
      "2210.02442v1.pdf#p003": 4,
      "2210.02442v1.pdf#p004": 2,
      "2303.05039v2.pdf#p003": 8,
      "8dfc21ec151fb9d3578fc32d5c4e5df9.pdf#p008": 10,
      "AMAZON_2017_10K.pdf#p036": 11,
      "AMAZON_2017_10K.pdf#p039": 10,
      "BESTBUY_2023_10K.pdf#p031": 10,
      "BESTBUY_2023_10K.pdf#p043": 10,
      "COSTCO_2021_10K.pdf#p037": 13,
      "COSTCO_2021_10K.pdf#p039": 13,
      "NETFLIX_2015_10K.pdf#p039": 10,
      "afe620b9beac86c1027b96d31d396407.pdf#p012": 11,
      "e79deb02a0c0e87511080836c5d4347b.pdf#p010": 11
    },
    "effective_num_docs": 10.867234,
    "effective_num_pages": 15.121763,
    "max_doc_share": 0.12389380530973451,
    "max_page_share": 0.11504424778761062,
    "purpose": "external_validity_diagnostic_only",
    "used_for_reranking": false,
    "uses_gold_fields": false
  },
  "decision": "activation_gate_passed_proceed_to_repaired_20_to_30_expansion_gate",
  "delta_eligibility": {
    "atomic_strong_eligible_artifacts": 135,
    "broad_table_only_count": 0,
    "eligible_artifacts": 135,
    "eligible_pages_with_atomic_artifact": 10,
    "full_page_only_locator": 0,
    "mock_or_placeholder_content": 0,
    "numeric_fact_count": 69,
    "table_cell_count": 66,
    "total_artifacts": 138
  },
  "merged_atomic_eligibility": {
    "atomic_strong_eligible_artifacts": 306,
    "broad_table_only_count": 0,
    "eligible_artifacts": 306,
    "eligible_pages_with_atomic_artifact": 20,
    "numeric_fact_count": 149,
    "table_cell_count": 157,
    "total_artifacts": 309
  },
  "paths": {
    "activation": "outputs/stage2_structured_incremental/r037_budgeted_targeted_coverage/activation_scan_review/activation_scan_atomic/real_structured_activation_scan_report.json",
    "eligibility": "outputs/stage2_structured_incremental/r037_budgeted_targeted_coverage/eligibility_audit.json",
    "heldout_ids": "outputs/stage2_structured_incremental/r037_budgeted_targeted_coverage/activation_scan_review/activation_scan_atomic/heldout_activation_rich_record_ids.txt",
    "stage2_delta": "outputs/stage2_structured_incremental/r037_budgeted_targeted_coverage/stage2_delta",
    "subset": "outputs/stage2_structured_incremental/r037_budgeted_targeted_coverage/subset_r037_targeted_coverage.jsonl"
  },
  "quality": {
    "json_parse_success_count": 10,
    "num_discarded_artifacts": 3,
    "num_pages_attempted": 10,
    "num_valid_artifacts": 138,
    "numeric_fact_count": 69,
    "parse_failure_count": 0,
    "provider_call_failed_count": 0,
    "provider_call_success_count": 10,
    "table_cell_artifact_count": 66
  },
  "schema_version": "r037_budgeted_targeted_coverage_v1",
  "scope": {
    "diagnostic_only": true,
    "no_effectiveness_claim": true,
    "no_graph": true,
    "no_qa": true,
    "no_rerank_tuning": true,
    "selection_policy": "target unactivated retrieval candidate pages ranked by generic atomicizer OCR/table-text signal",
    "selection_uses_gold_fields": false,
    "stage2_budget_cells_per_page": 8
  },
  "subset": {
    "atomicizer_max_cells": 8,
    "num_candidates": 1353,
    "num_selected_docs": 7,
    "num_selected_pages": 10,
    "num_target_record_ids": 1021,
    "retrieval_topk": 4
  }
}