{
  "activated_count": 96,
  "activated_ids": [
    69,
    223,
    224,
    227,
    228,
    364,
    366,
    367,
    368,
    373,
    374,
    375,
    376,
    377,
    378,
    380,
    383,
    384,
    385,
    390,
    391,
    394,
    396,
    397,
    398,
    399,
    400,
    456,
    495,
    507,
    508,
    509,
    510,
    511,
    512,
    513,
    514,
    516,
    517,
    569,
    575,
    712,
    713,
    718,
    958,
    995,
    996,
    998,
    999,
    1000,
    1001,
    1002,
    1003,
    1004,
    1005,
    1006,
    1007,
    1008,
    1009,
    1011,
    1012,
    1013,
    1014,
    1015,
    1016,
    1017,
    1018,
    1019,
    1020,
    1033,
    1034,
    1035,
    1036,
    1037,
    1038,
    1039,
    1040,
    1043,
    1044,
    1045,
    1046,
    1052,
    1053,
    1055,
    1057,
    1058,
    1059,
    1060,
    1061,
    1062,
    1063,
    1064,
    1065,
    1066,
    1067,
    1068
  ],
  "artifacts": "outputs/stage2_structured_incremental/r038d_activation_attribution_audit/cumulative20_plus_r037_plus_r038c/atomic_only/artifacts.jsonl",
  "changed_count": 73,
  "changed_ids": [
    69,
    70,
    71,
    72,
    73,
    223,
    224,
    227,
    228,
    366,
    367,
    373,
    374,
    387,
    390,
    391,
    399,
    454,
    456,
    457,
    458,
    460,
    488,
    489,
    490,
    491,
    507,
    508,
    509,
    511,
    513,
    514,
    516,
    569,
    575,
    713,
    715,
    716,
    958,
    999,
    1000,
    1001,
    1002,
    1003,
    1004,
    1005,
    1006,
    1008,
    1010,
    1013,
    1014,
    1017,
    1018,
    1019,
    1020,
    1034,
    1038,
    1045,
    1046,
    1052,
    1053,
    1054,
    1055,
    1057,
    1058,
    1060,
    1061,
    1062,
    1063,
    1064,
    1065,
    1067,
    1068
  ],
  "concentration": {
    "activated_by_doc": {
      "2310.09158v1.pdf": 1,
      "2401.18059v1.pdf": 1,
      "8dfc21ec151fb9d3578fc32d5c4e5df9.pdf": 10,
      "936c0e2c2e6c8e0c07c51bfaf7fd0a83.pdf": 3,
      "AMAZON_2017_10K.pdf": 12,
      "BESTBUY_2023_10K.pdf": 15,
      "COSTCO_2021_10K.pdf": 14,
      "NETFLIX_2015_10K.pdf": 10,
      "PIP_Seniors-and-Tech-Use_040314.pdf": 4,
      "PS_2018.01.09_STEM_FINAL.pdf": 2,
      "STEPBACK.pdf": 1,
      "afe620b9beac86c1027b96d31d396407.pdf": 11,
      "e79deb02a0c0e87511080836c5d4347b.pdf": 11,
      "q1-2023-bilibili-inc-investor-presentation.pdf": 1
    },
    "activated_by_page": {
      "2310.09158v1.pdf#p007": 1,
      "2401.18059v1.pdf#p006": 1,
      "8dfc21ec151fb9d3578fc32d5c4e5df9.pdf#p008": 10,
      "936c0e2c2e6c8e0c07c51bfaf7fd0a83.pdf#p003": 3,
      "AMAZON_2017_10K.pdf#p036": 11,
      "AMAZON_2017_10K.pdf#p039": 10,
      "BESTBUY_2023_10K.pdf#p026": 3,
      "BESTBUY_2023_10K.pdf#p027": 3,
      "BESTBUY_2023_10K.pdf#p031": 10,
      "BESTBUY_2023_10K.pdf#p043": 10,
      "COSTCO_2021_10K.pdf#p037": 13,
      "COSTCO_2021_10K.pdf#p039": 13,
      "NETFLIX_2015_10K.pdf#p039": 10,
      "PIP_Seniors-and-Tech-Use_040314.pdf#p008": 4,
      "PS_2018.01.09_STEM_FINAL.pdf#p028": 2,
      "STEPBACK.pdf#p007": 1,
      "afe620b9beac86c1027b96d31d396407.pdf#p012": 11,
      "e79deb02a0c0e87511080836c5d4347b.pdf#p010": 11,
      "q1-2023-bilibili-inc-investor-presentation.pdf#p023": 1
    },
    "effective_num_docs": 8.861538,
    "effective_num_pages": 13.086262,
    "max_doc_share": 0.15625,
    "max_page_share": 0.13541666666666666,
    "purpose": "external_validity_diagnostic_only",
    "used_for_reranking": false,
    "uses_gold_fields": false
  },
  "concentration_metrics_used_for_reranking": false,
  "decision": "build_heldout_subset",
  "eligible_for_heldout_count": 96,
  "excluded_prior_policy_top30_count": 0,
  "heldout_activation_rich_subset": {
    "available": true,
    "max_requested": 50,
    "min_required": 30,
    "num_records": 37,
    "reason_unavailable": null,
    "record_ids": [
      69,
      223,
      224,
      227,
      364,
      366,
      367,
      383,
      384,
      385,
      456,
      495,
      507,
      508,
      509,
      569,
      575,
      712,
      713,
      718,
      958,
      995,
      996,
      998,
      1009,
      1011,
      1012,
      1013,
      1033,
      1034,
      1035,
      1043,
      1052,
      1053,
      1055,
      1057,
      1058
    ],
    "record_ids_path": "outputs/stage2_structured_incremental/r038d_activation_attribution_audit/cumulative20_plus_r037_plus_r038c/activation_scan/heldout_activation_rich_record_ids.txt",
    "sampling_policy": {
      "concentration_metrics_used_for_sampling": false,
      "max_records_per_doc": 5,
      "max_records_per_page": 3,
      "method": "doc_page_capped_sampling"
    }
  },
  "input_retrieval": "data/MMLongBench/sample-with-retrieval-results.json",
  "lambda_weight": 0.5,
  "no_full_ablation": true,
  "no_qa_run": true,
  "no_rerank_tuning": true,
  "original_plus_changed_count": 50,
  "original_plus_changed_ids": [
    69,
    223,
    224,
    367,
    373,
    374,
    390,
    391,
    399,
    454,
    456,
    457,
    460,
    507,
    508,
    509,
    511,
    513,
    514,
    516,
    575,
    713,
    958,
    999,
    1000,
    1002,
    1003,
    1006,
    1013,
    1014,
    1017,
    1018,
    1019,
    1020,
    1038,
    1045,
    1046,
    1052,
    1053,
    1055,
    1057,
    1058,
    1060,
    1061,
    1062,
    1063,
    1064,
    1065,
    1067,
    1068
  ],
  "schema_version": "real_structured_artifact_activation_scan_v1",
  "strong_eligible_artifact_pages": {
    "2310.09158v1.pdf": [
      7
    ],
    "2401.18059v1.pdf": [
      6
    ],
    "8dfc21ec151fb9d3578fc32d5c4e5df9.pdf": [
      8
    ],
    "936c0e2c2e6c8e0c07c51bfaf7fd0a83.pdf": [
      3
    ],
    "AMAZON_2017_10K.pdf": [
      36,
      39
    ],
    "BESTBUY_2023_10K.pdf": [
      26,
      27,
      31,
      43
    ],
    "COSTCO_2021_10K.pdf": [
      37,
      39
    ],
    "NETFLIX_2015_10K.pdf": [
      39
    ],
    "PIP_Seniors-and-Tech-Use_040314.pdf": [
      8
    ],
    "PS_2018.01.09_STEM_FINAL.pdf": [
      28
    ],
    "STEPBACK.pdf": [
      7
    ],
    "afe620b9beac86c1027b96d31d396407.pdf": [
      12
    ],
    "e79deb02a0c0e87511080836c5d4347b.pdf": [
      10
    ],
    "q1-2023-bilibili-inc-investor-presentation.pdf": [
      23
    ]
  },
  "strong_eligible_page_count": 19,
  "top_k": 4,
  "total_records": 1073,
  "uses_gold_fields": false
}