{
  "activated_count": 113,
  "activated_ids": [
    206,
    207,
    208,
    209,
    210,
    211,
    212,
    213,
    216,
    217,
    289,
    290,
    291,
    292,
    293,
    294,
    295,
    296,
    364,
    366,
    367,
    368,
    373,
    374,
    375,
    376,
    377,
    378,
    380,
    383,
    384,
    385,
    390,
    391,
    394,
    396,
    397,
    398,
    399,
    400,
    507,
    508,
    509,
    510,
    511,
    512,
    513,
    514,
    516,
    517,
    547,
    548,
    629,
    631,
    633,
    634,
    635,
    636,
    637,
    639,
    760,
    763,
    767,
    768,
    995,
    996,
    998,
    999,
    1000,
    1001,
    1002,
    1003,
    1004,
    1005,
    1006,
    1007,
    1008,
    1009,
    1011,
    1012,
    1013,
    1014,
    1015,
    1016,
    1017,
    1018,
    1019,
    1020,
    1033,
    1034,
    1035,
    1036,
    1037,
    1038,
    1039,
    1040,
    1043,
    1044,
    1045,
    1046,
    1052,
    1053,
    1057,
    1058,
    1059,
    1060,
    1061,
    1062,
    1063,
    1064,
    1065,
    1067,
    1068
  ],
  "artifacts": "outputs/stage2_structured_incremental/r037_budgeted_targeted_coverage/activation_scan_review/atomic_only/artifacts.jsonl",
  "changed_count": 88,
  "changed_ids": [
    206,
    207,
    208,
    209,
    210,
    211,
    212,
    213,
    214,
    215,
    216,
    217,
    289,
    290,
    291,
    292,
    293,
    294,
    295,
    296,
    366,
    367,
    373,
    374,
    387,
    390,
    391,
    399,
    507,
    508,
    509,
    511,
    513,
    514,
    516,
    546,
    547,
    548,
    625,
    628,
    630,
    632,
    633,
    634,
    635,
    636,
    637,
    638,
    639,
    640,
    641,
    760,
    763,
    767,
    768,
    999,
    1000,
    1001,
    1002,
    1003,
    1004,
    1005,
    1006,
    1008,
    1010,
    1013,
    1014,
    1017,
    1018,
    1019,
    1020,
    1034,
    1038,
    1045,
    1046,
    1052,
    1053,
    1054,
    1057,
    1058,
    1060,
    1061,
    1062,
    1063,
    1064,
    1065,
    1067,
    1068
  ],
  "concentration": {
    "activated_by_doc": {
      "05-03-18-political-release.pdf": 10,
      "2005.12872v3.pdf": 2,
      "2023.acl-long.386.pdf": 6,
      "2023.findings-emnlp.248.pdf": 2,
      "2210.02442v1.pdf": 4,
      "2303.05039v2.pdf": 8,
      "8dfc21ec151fb9d3578fc32d5c4e5df9.pdf": 10,
      "AMAZON_2017_10K.pdf": 12,
      "BESTBUY_2023_10K.pdf": 13,
      "COSTCO_2021_10K.pdf": 14,
      "NETFLIX_2015_10K.pdf": 10,
      "afe620b9beac86c1027b96d31d396407.pdf": 11,
      "e79deb02a0c0e87511080836c5d4347b.pdf": 11
    },
    "activated_by_page": {
      "05-03-18-political-release.pdf#p003": 10,
      "2005.12872v3.pdf#p008": 2,
      "2005.12872v3.pdf#p012": 2,
      "2023.acl-long.386.pdf#p001": 3,
      "2023.acl-long.386.pdf#p003": 5,
      "2023.findings-emnlp.248.pdf#p002": 1,
      "2023.findings-emnlp.248.pdf#p013": 1,
      "2210.02442v1.pdf#p003": 4,
      "2210.02442v1.pdf#p004": 2,
      "2303.05039v2.pdf#p003": 8,
      "8dfc21ec151fb9d3578fc32d5c4e5df9.pdf#p008": 10,
      "AMAZON_2017_10K.pdf#p036": 11,
      "AMAZON_2017_10K.pdf#p039": 10,
      "BESTBUY_2023_10K.pdf#p031": 10,
      "BESTBUY_2023_10K.pdf#p043": 10,
      "COSTCO_2021_10K.pdf#p037": 13,
      "COSTCO_2021_10K.pdf#p039": 13,
      "NETFLIX_2015_10K.pdf#p039": 10,
      "afe620b9beac86c1027b96d31d396407.pdf#p012": 11,
      "e79deb02a0c0e87511080836c5d4347b.pdf#p010": 11
    },
    "effective_num_docs": 10.867234,
    "effective_num_pages": 15.121763,
    "max_doc_share": 0.12389380530973451,
    "max_page_share": 0.11504424778761062,
    "purpose": "external_validity_diagnostic_only",
    "used_for_reranking": false,
    "uses_gold_fields": false
  },
  "concentration_metrics_used_for_reranking": false,
  "decision": "build_heldout_subset",
  "eligible_for_heldout_count": 103,
  "excluded_prior_policy_top30_count": 12,
  "heldout_activation_rich_subset": {
    "available": true,
    "max_requested": 50,
    "min_required": 30,
    "num_records": 40,
    "reason_unavailable": null,
    "record_ids": [
      289,
      290,
      291,
      364,
      366,
      367,
      383,
      384,
      385,
      507,
      508,
      509,
      547,
      548,
      629,
      631,
      633,
      634,
      635,
      636,
      637,
      760,
      763,
      767,
      995,
      996,
      998,
      1009,
      1011,
      1012,
      1013,
      1033,
      1034,
      1035,
      1043,
      1052,
      1053,
      1057,
      1058,
      1062
    ],
    "record_ids_path": "outputs/stage2_structured_incremental/r037_budgeted_targeted_coverage/activation_scan_review/activation_scan_atomic/heldout_activation_rich_record_ids.txt",
    "sampling_policy": {
      "concentration_metrics_used_for_sampling": false,
      "max_records_per_doc": 5,
      "max_records_per_page": 3,
      "method": "doc_page_capped_sampling"
    }
  },
  "input_retrieval": "data/MMLongBench/sample-with-retrieval-results.json",
  "lambda_weight": 0.5,
  "no_full_ablation": true,
  "no_qa_run": true,
  "no_rerank_tuning": true,
  "original_plus_changed_count": 66,
  "original_plus_changed_ids": [
    206,
    207,
    208,
    209,
    210,
    211,
    212,
    213,
    216,
    217,
    289,
    290,
    291,
    292,
    293,
    294,
    295,
    296,
    367,
    373,
    374,
    390,
    391,
    399,
    507,
    508,
    509,
    511,
    513,
    514,
    516,
    632,
    633,
    634,
    635,
    636,
    637,
    639,
    640,
    763,
    999,
    1000,
    1002,
    1003,
    1006,
    1013,
    1014,
    1017,
    1018,
    1019,
    1020,
    1038,
    1045,
    1046,
    1052,
    1053,
    1057,
    1058,
    1060,
    1061,
    1062,
    1063,
    1064,
    1065,
    1067,
    1068
  ],
  "schema_version": "real_structured_artifact_activation_scan_v1",
  "strong_eligible_artifact_pages": {
    "05-03-18-political-release.pdf": [
      3
    ],
    "2005.12872v3.pdf": [
      8,
      12
    ],
    "2023.acl-long.386.pdf": [
      1,
      3
    ],
    "2023.findings-emnlp.248.pdf": [
      2,
      13
    ],
    "2210.02442v1.pdf": [
      3,
      4
    ],
    "2303.05039v2.pdf": [
      3
    ],
    "8dfc21ec151fb9d3578fc32d5c4e5df9.pdf": [
      8
    ],
    "AMAZON_2017_10K.pdf": [
      36,
      39
    ],
    "BESTBUY_2023_10K.pdf": [
      31,
      43
    ],
    "COSTCO_2021_10K.pdf": [
      37,
      39
    ],
    "NETFLIX_2015_10K.pdf": [
      39
    ],
    "afe620b9beac86c1027b96d31d396407.pdf": [
      12
    ],
    "e79deb02a0c0e87511080836c5d4347b.pdf": [
      10
    ]
  },
  "strong_eligible_page_count": 20,
  "top_k": 4,
  "total_records": 1073,
  "uses_gold_fields": false
}