{
  "delta_coverage_at_k": {
    "1": 0.0,
    "3": 0.0,
    "5": 0.0
  },
  "delta_recall_at_k": {
    "1": 0.0,
    "3": 0.0,
    "5": 0.0
  },
  "edge_types_used": [
    "adjacent_page",
    "anchor_on_page",
    "located_on_page",
    "supported_by_anchor"
  ],
  "evaluation_only": true,
  "expansion_factor": 0.03075489282385834,
  "flat_coverage_at_k": {
    "1": 0.0,
    "3": 0.002174588381484933,
    "5": 0.002174588381484933
  },
  "flat_recall_at_k": {
    "1": 0.0,
    "3": 0.0027958993476234857,
    "5": 0.0027958993476234857
  },
  "graph_coverage_at_k": {
    "1": 0.0,
    "3": 0.002174588381484933,
    "5": 0.002174588381484933
  },
  "graph_recall_at_k": {
    "1": 0.0,
    "3": 0.0027958993476234857,
    "5": 0.0027958993476234857
  },
  "used_debug_edges": false,
  "used_semantic_edges": false
}