{
  "added_artifact_count_by_edge_type": {
    "adjacent_page": 1668,
    "located_on_page": 2232
  },
  "added_gold_page_hit_rate": 0.3888888888888889,
  "added_ratio": 2.0801491146318734,
  "avg_added_artifacts": 2.0801491146318734,
  "avg_expanded_artifacts": 2.6672879776328053,
  "avg_flat_artifacts": 0.587138863000932,
  "delta_coverage_at_k": {
    "1": 0.00745573159366263,
    "3": 0.005591798695246966,
    "5": 0.002795899347623483
  },
  "delta_recall_at_k": {
    "1": 0.005591798695246973,
    "3": 0.004659832246039136,
    "5": 0.001863932898415653
  },
  "edge_type_delta_coverage": {
    "adjacent_page": {
      "1": 0.0,
      "3": 0.0,
      "5": 0.0
    },
    "located_on_page": {
      "1": 0.0,
      "3": 0.0,
      "5": 0.0
    }
  },
  "edge_type_delta_recall": {
    "adjacent_page": {
      "1": 0.0,
      "3": 0.0,
      "5": 0.0
    },
    "located_on_page": {
      "1": 0.0,
      "3": 0.0,
      "5": 0.0
    }
  },
  "edge_types_used": [
    "adjacent_page",
    "located_on_page"
  ],
  "evaluation_only": true,
  "expanded_coverage_at_k": {
    "1": 0.031220876048462257,
    "3": 0.03824168996582789,
    "5": 0.03824168996582789
  },
  "expanded_recall_at_k": {
    "1": 0.036346691519105315,
    "3": 0.045666356011183594,
    "5": 0.045666356011183594
  },
  "expansion_factor": 2.6672879776328053,
  "expansion_mode": "page_neighborhood",
  "expansion_ratio": 2.6672879776328053,
  "flat_coverage_at_k": {
    "1": 0.023765144454799627,
    "3": 0.032649891270580926,
    "5": 0.03544579061820441
  },
  "flat_recall_at_k": {
    "1": 0.03075489282385834,
    "3": 0.04100652376514446,
    "5": 0.04380242311276794
  },
  "graph_coverage_at_k": {
    "1": 0.031220876048462257,
    "3": 0.03824168996582789,
    "5": 0.03824168996582789
  },
  "graph_recall_at_k": {
    "1": 0.036346691519105315,
    "3": 0.045666356011183594,
    "5": 0.045666356011183594
  },
  "used_debug_edges": false,
  "used_semantic_edges": false
}