{
  "evaluation_model_id": null,
  "expansion_mode": "page_neighborhood",
  "hybrid_preset": "full_hybrid",
  "hybrid_weights": {
    "graph_prior_score": 0.25,
    "lexical_score": 1.0,
    "locator_score": 0.25,
    "metadata_score": 0.5,
    "type_modality_score": 0.25
  },
  "model_config_hash": null,
  "model_role_status": "pass",
  "no_gold_fields_used": true,
  "retrieval_method": "deterministic_hybrid",
  "run_name": "retrieval_topk_scope_topk4_hybrid_full_hybrid_page_neighborhood",
  "scope_mode": "retrieval_topk_scope",
  "stage2_artifact_coverage": {
    "artifact_type_counts": {
      "caption": 50,
      "figure": 50,
      "numeric_fact": 50,
      "section_header": 50,
      "table": 50,
      "table_cell": 50,
      "text_span": 50,
      "visual_observation": 50,
      "visual_region": 50
    },
    "image_payload_rate": 0.0,
    "num_artifacts": 450,
    "num_selected_docs": 17,
    "num_selected_pages": 50,
    "proof_trace_eligible_rate": 0.6666666666666666
  },
  "stage2_model_id": null,
  "stage3_model_id": null,
  "stage3_retrieval": {
    "artifact_coverage_rate": 0.11742777260018639,
    "coverage_at_k_by_page": {
      "1": 0.023019571295433364,
      "3": 0.03423423423423424,
      "5": 0.036564150357253807
    },
    "num_queries_with_doc_artifacts": 126,
    "num_queries_with_nonzero_scores": 126,
    "recall_at_k_by_page": {
      "1": 0.02982292637465051,
      "3": 0.04287045666356011,
      "5": 0.045666356011183594
    },
    "zero_hit_query_count": 947
  },
  "stage4_graph_expansion": {
    "added_gold_page_hit_rate": 0.3968253968253968,
    "added_ratio": 2.0465983224603916,
    "avg_added_artifacts": 2.0465983224603916,
    "avg_expanded_artifacts": 2.633737185461323,
    "avg_flat_artifacts": 0.587138863000932,
    "delta_coverage_at_k": {
      "1": 0.00559179869524697,
      "3": 0.004193849021435228,
      "5": 0.00186393289841566
    },
    "delta_recall_at_k": {
      "1": 0.003727865796831313,
      "3": 0.003727865796831313,
      "5": 0.00093196644920783
    },
    "expanded_coverage_at_k": {
      "1": 0.028611369990680334,
      "3": 0.03842808325566947,
      "5": 0.03842808325566947
    },
    "expanded_recall_at_k": {
      "1": 0.033550792171481825,
      "3": 0.046598322460391424,
      "5": 0.046598322460391424
    },
    "expansion_factor": 2.633737185461323,
    "expansion_ratio": 2.633737185461323,
    "flat_coverage_at_k": {
      "1": 0.023019571295433364,
      "3": 0.03423423423423424,
      "5": 0.036564150357253807
    },
    "flat_recall_at_k": {
      "1": 0.02982292637465051,
      "3": 0.04287045666356011,
      "5": 0.045666356011183594
    },
    "num_edges": 4011,
    "used_debug_edges": false,
    "used_semantic_edges": false
  },
  "stage4_model_id": null,
  "used_debug_edges": false,
  "used_semantic_edges": false
}