{
  "atomic_artifact_count": 171,
  "atomic_artifact_type_counts": {
    "numeric_fact": 80,
    "table_cell": 91
  },
  "atomic_artifacts": "outputs/stage2_structured_incremental/r036_atomic_budget_precision_gate/activation_scan_review/atomic_only/artifacts.jsonl",
  "atomic_pages": [
    "05-03-18-political-release.pdf#p003",
    "05-03-18-political-release.pdf#p003",
    "05-03-18-political-release.pdf#p003",
    "05-03-18-political-release.pdf#p003",
    "05-03-18-political-release.pdf#p003",
    "05-03-18-political-release.pdf#p003",
    "05-03-18-political-release.pdf#p003",
    "05-03-18-political-release.pdf#p003",
    "05-03-18-political-release.pdf#p003",
    "05-03-18-political-release.pdf#p003",
    "05-03-18-political-release.pdf#p003",
    "05-03-18-political-release.pdf#p003",
    "05-03-18-political-release.pdf#p003",
    "05-03-18-political-release.pdf#p003",
    "05-03-18-political-release.pdf#p003",
    "05-03-18-political-release.pdf#p003",
    "05-03-18-political-release.pdf#p003",
    "05-03-18-political-release.pdf#p003",
    "2005.12872v3.pdf#p008",
    "2005.12872v3.pdf#p008",
    "2005.12872v3.pdf#p008",
    "2005.12872v3.pdf#p008",
    "2005.12872v3.pdf#p008",
    "2005.12872v3.pdf#p008",
    "2005.12872v3.pdf#p008",
    "2005.12872v3.pdf#p008",
    "2005.12872v3.pdf#p008",
    "2005.12872v3.pdf#p008",
    "2005.12872v3.pdf#p008",
    "2005.12872v3.pdf#p008",
    "2005.12872v3.pdf#p008",
    "2005.12872v3.pdf#p008",
    "2005.12872v3.pdf#p008",
    "2005.12872v3.pdf#p008",
    "2005.12872v3.pdf#p012",
    "2005.12872v3.pdf#p012",
    "2005.12872v3.pdf#p012",
    "2005.12872v3.pdf#p012",
    "2005.12872v3.pdf#p012",
    "2005.12872v3.pdf#p012",
    "2005.12872v3.pdf#p012",
    "2005.12872v3.pdf#p012",
    "2005.12872v3.pdf#p012",
    "2005.12872v3.pdf#p012",
    "2005.12872v3.pdf#p012",
    "2005.12872v3.pdf#p012",
    "2005.12872v3.pdf#p012",
    "2005.12872v3.pdf#p012",
    "2005.12872v3.pdf#p012",
    "2005.12872v3.pdf#p012",
    "2023.acl-long.386.pdf#p001",
    "2023.acl-long.386.pdf#p001",
    "2023.acl-long.386.pdf#p001",
    "2023.acl-long.386.pdf#p001",
    "2023.acl-long.386.pdf#p001",
    "2023.acl-long.386.pdf#p001",
    "2023.acl-long.386.pdf#p001",
    "2023.acl-long.386.pdf#p001",
    "2023.acl-long.386.pdf#p001",
    "2023.acl-long.386.pdf#p001",
    "2023.acl-long.386.pdf#p001",
    "2023.acl-long.386.pdf#p001",
    "2023.acl-long.386.pdf#p001",
    "2023.acl-long.386.pdf#p001",
    "2023.acl-long.386.pdf#p001",
    "2023.acl-long.386.pdf#p001",
    "2023.acl-long.386.pdf#p003",
    "2023.acl-long.386.pdf#p003",
    "2023.acl-long.386.pdf#p003",
    "2023.acl-long.386.pdf#p003",
    "2023.acl-long.386.pdf#p003",
    "2023.acl-long.386.pdf#p003",
    "2023.acl-long.386.pdf#p003",
    "2023.acl-long.386.pdf#p003",
    "2023.acl-long.386.pdf#p003",
    "2023.acl-long.386.pdf#p003",
    "2023.acl-long.386.pdf#p003",
    "2023.acl-long.386.pdf#p003",
    "2023.acl-long.386.pdf#p003",
    "2023.acl-long.386.pdf#p003",
    "2023.acl-long.386.pdf#p003",
    "2023.acl-long.386.pdf#p003",
    "2023.findings-emnlp.248.pdf#p002",
    "2023.findings-emnlp.248.pdf#p002",
    "2023.findings-emnlp.248.pdf#p002",
    "2023.findings-emnlp.248.pdf#p002",
    "2023.findings-emnlp.248.pdf#p002",
    "2023.findings-emnlp.248.pdf#p002",
    "2023.findings-emnlp.248.pdf#p002",
    "2023.findings-emnlp.248.pdf#p002",
    "2023.findings-emnlp.248.pdf#p002",
    "2023.findings-emnlp.248.pdf#p002",
    "2023.findings-emnlp.248.pdf#p002",
    "2023.findings-emnlp.248.pdf#p002",
    "2023.findings-emnlp.248.pdf#p002",
    "2023.findings-emnlp.248.pdf#p002",
    "2023.findings-emnlp.248.pdf#p002",
    "2023.findings-emnlp.248.pdf#p002",
    "2023.findings-emnlp.248.pdf#p013",
    "2023.findings-emnlp.248.pdf#p013",
    "2023.findings-emnlp.248.pdf#p013",
    "2023.findings-emnlp.248.pdf#p013",
    "2023.findings-emnlp.248.pdf#p013",
    "2023.findings-emnlp.248.pdf#p013",
    "2023.findings-emnlp.248.pdf#p013",
    "2023.findings-emnlp.248.pdf#p013",
    "2023.findings-emnlp.248.pdf#p013",
    "2023.findings-emnlp.248.pdf#p013",
    "2023.findings-emnlp.248.pdf#p013",
    "2023.findings-emnlp.248.pdf#p013",
    "2023.findings-emnlp.248.pdf#p013",
    "2023.findings-emnlp.248.pdf#p013",
    "2023.findings-emnlp.248.pdf#p013",
    "2023.findings-emnlp.248.pdf#p013",
    "2210.02442v1.pdf#p003",
    "2210.02442v1.pdf#p003",
    "2210.02442v1.pdf#p003",
    "2210.02442v1.pdf#p003",
    "2210.02442v1.pdf#p003",
    "2210.02442v1.pdf#p003",
    "2210.02442v1.pdf#p003",
    "2210.02442v1.pdf#p003",
    "2210.02442v1.pdf#p003",
    "2210.02442v1.pdf#p003",
    "2210.02442v1.pdf#p003",
    "2210.02442v1.pdf#p003",
    "2210.02442v1.pdf#p003",
    "2210.02442v1.pdf#p003",
    "2210.02442v1.pdf#p003",
    "2210.02442v1.pdf#p003",
    "2210.02442v1.pdf#p003",
    "2210.02442v1.pdf#p003",
    "2210.02442v1.pdf#p003",
    "2210.02442v1.pdf#p003",
    "2210.02442v1.pdf#p003",
    "2210.02442v1.pdf#p003",
    "2210.02442v1.pdf#p003",
    "2210.02442v1.pdf#p003",
    "2210.02442v1.pdf#p004",
    "2210.02442v1.pdf#p004",
    "2210.02442v1.pdf#p004",
    "2210.02442v1.pdf#p004",
    "2210.02442v1.pdf#p004",
    "2210.02442v1.pdf#p004",
    "2210.02442v1.pdf#p004",
    "2210.02442v1.pdf#p004",
    "2210.02442v1.pdf#p004",
    "2210.02442v1.pdf#p004",
    "2210.02442v1.pdf#p004",
    "2210.02442v1.pdf#p004",
    "2210.02442v1.pdf#p004",
    "2210.02442v1.pdf#p004",
    "2210.02442v1.pdf#p004",
    "2210.02442v1.pdf#p004",
    "2303.05039v2.pdf#p003",
    "2303.05039v2.pdf#p003",
    "2303.05039v2.pdf#p003",
    "2303.05039v2.pdf#p003",
    "2303.05039v2.pdf#p003",
    "2303.05039v2.pdf#p003",
    "2303.05039v2.pdf#p003",
    "2303.05039v2.pdf#p003",
    "2303.05039v2.pdf#p003",
    "2303.05039v2.pdf#p003",
    "2303.05039v2.pdf#p003",
    "2303.05039v2.pdf#p003",
    "2303.05039v2.pdf#p003",
    "2303.05039v2.pdf#p003",
    "2303.05039v2.pdf#p003",
    "2303.05039v2.pdf#p003",
    "2303.05039v2.pdf#p003"
  ],
  "base_artifact_count": 64,
  "base_artifacts": "outputs/stage2_structured_incremental/r028_10_to_20/cumulative/artifacts.jsonl",
  "base_kept_count": 64,
  "merged_artifact_count": 282,
  "merged_artifacts": "outputs/stage2_structured_incremental/r036_atomic_budget_precision_gate/activation_scan_review/merged_cumulative20_plus_r030/artifacts.jsonl",
  "no_graph": true,
  "no_qa_run": true,
  "no_rerank_tuning": true,
  "not_merged_into_cumulative_artifacts": true,
  "r030_artifact_count": 218,
  "r030_artifacts": "outputs/stage2_structured_incremental/r036_atomic_budget_precision_gate/stage2_delta/artifacts.jsonl",
  "r030_replaced_pages": [
    "05-03-18-political-release.pdf#p003",
    "2005.12872v3.pdf#p008",
    "2005.12872v3.pdf#p012",
    "2023.acl-long.386.pdf#p001",
    "2023.acl-long.386.pdf#p003",
    "2023.findings-emnlp.248.pdf#p002",
    "2023.findings-emnlp.248.pdf#p013",
    "2210.02442v1.pdf#p003",
    "2210.02442v1.pdf#p004",
    "2303.05039v2.pdf#p003"
  ],
  "schema_version": "r031_temporary_artifact_store_v1"
}