{
  "avg_added_artifacts": 2.0298229263746506,
  "delta_coverage_at_k": {
    "1": 0.006989748369058715,
    "3": 0.005591798695246966,
    "5": 0.002795899347623483
  },
  "delta_recall_at_k": {
    "1": 0.00465983224603914,
    "3": 0.004659832246039143,
    "5": 0.00186393289841566
  },
  "edge_types_used": [
    "adjacent_page",
    "located_on_page"
  ],
  "evaluation_only": true,
  "expanded_coverage_at_k": {
    "1": 0.028890959925442685,
    "3": 0.03758931345138241,
    "5": 0.03758931345138241
  },
  "expanded_recall_at_k": {
    "1": 0.032618825722273995,
    "3": 0.04380242311276794,
    "5": 0.04380242311276794
  },
  "expansion_factor": 0.5233923578751162,
  "expansion_mode": "page_neighborhood",
  "flat_coverage_at_k": {
    "1": 0.02190121155638397,
    "3": 0.031997514756135444,
    "5": 0.03479341410375893
  },
  "flat_recall_at_k": {
    "1": 0.027958993476234855,
    "3": 0.0391425908667288,
    "5": 0.04193849021435228
  },
  "graph_coverage_at_k": {
    "1": 0.028890959925442685,
    "3": 0.03758931345138241,
    "5": 0.03758931345138241
  },
  "graph_recall_at_k": {
    "1": 0.032618825722273995,
    "3": 0.04380242311276794,
    "5": 0.04380242311276794
  },
  "used_debug_edges": false,
  "used_semantic_edges": false
}