{
  "activated_count": 60,
  "activated_ids": [
    115,
    116,
    117,
    206,
    207,
    208,
    209,
    210,
    211,
    212,
    213,
    216,
    217,
    289,
    290,
    291,
    292,
    293,
    294,
    295,
    296,
    453,
    454,
    455,
    456,
    457,
    458,
    459,
    460,
    547,
    548,
    629,
    631,
    633,
    634,
    635,
    636,
    637,
    638,
    639,
    640,
    641,
    760,
    763,
    767,
    768,
    872,
    1011,
    1014,
    1015,
    1017,
    1021,
    1022,
    1023,
    1024,
    1025,
    1026,
    1028,
    1030,
    1072
  ],
  "artifacts": "outputs/stage2_structured_incremental/r036_atomic_budget_precision_gate/activation_scan_review/merged_cumulative20_plus_r030/artifacts.jsonl",
  "changed_count": 70,
  "changed_ids": [
    111,
    115,
    116,
    117,
    206,
    207,
    208,
    209,
    210,
    211,
    212,
    213,
    214,
    215,
    216,
    217,
    289,
    290,
    291,
    292,
    293,
    294,
    295,
    296,
    453,
    454,
    455,
    456,
    457,
    458,
    460,
    546,
    547,
    548,
    625,
    628,
    630,
    632,
    633,
    634,
    635,
    636,
    637,
    638,
    639,
    640,
    641,
    760,
    763,
    767,
    768,
    874,
    875,
    878,
    1011,
    1014,
    1015,
    1016,
    1017,
    1021,
    1022,
    1023,
    1025,
    1026,
    1027,
    1028,
    1029,
    1030,
    1031,
    1032
  ],
  "concentration": {
    "activated_by_doc": {
      "05-03-18-political-release.pdf": 10,
      "2005.12872v3.pdf": 2,
      "2023.acl-long.386.pdf": 9,
      "2023.findings-emnlp.248.pdf": 2,
      "2210.02442v1.pdf": 4,
      "2303.05039v2.pdf": 8,
      "2307.09288v2.pdf": 1,
      "3M_2018_10K.pdf": 1,
      "NETFLIX_2015_10K.pdf": 6,
      "NIKE_2021_10K.pdf": 6,
      "PG_2021.03.04_US-Views-on-China_FINAL.pdf": 3,
      "STEPBACK.pdf": 8
    },
    "activated_by_page": {
      "05-03-18-political-release.pdf#p003": 10,
      "2005.12872v3.pdf#p008": 2,
      "2005.12872v3.pdf#p012": 2,
      "2023.acl-long.386.pdf#p001": 3,
      "2023.acl-long.386.pdf#p003": 5,
      "2023.acl-long.386.pdf#p007": 5,
      "2023.findings-emnlp.248.pdf#p002": 1,
      "2023.findings-emnlp.248.pdf#p013": 1,
      "2210.02442v1.pdf#p003": 4,
      "2210.02442v1.pdf#p004": 2,
      "2303.05039v2.pdf#p003": 8,
      "2307.09288v2.pdf#p053": 1,
      "3M_2018_10K.pdf#p020": 1,
      "NETFLIX_2015_10K.pdf#p020": 2,
      "NETFLIX_2015_10K.pdf#p023": 4,
      "NIKE_2021_10K.pdf#p033": 6,
      "PG_2021.03.04_US-Views-on-China_FINAL.pdf#p014": 3,
      "STEPBACK.pdf#p004": 7,
      "STEPBACK.pdf#p005": 5
    },
    "effective_num_docs": 8.653846,
    "effective_num_pages": 13.15736,
    "max_doc_share": 0.16666666666666666,
    "max_page_share": 0.16666666666666666,
    "purpose": "external_validity_diagnostic_only",
    "used_for_reranking": false,
    "uses_gold_fields": false
  },
  "concentration_metrics_used_for_reranking": false,
  "decision": "build_heldout_subset",
  "eligible_for_heldout_count": 50,
  "excluded_prior_policy_top30_count": 12,
  "heldout_activation_rich_subset": {
    "available": true,
    "max_requested": 50,
    "min_required": 30,
    "num_records": 32,
    "reason_unavailable": null,
    "record_ids": [
      115,
      116,
      117,
      289,
      290,
      291,
      453,
      454,
      455,
      456,
      547,
      548,
      629,
      631,
      633,
      634,
      635,
      636,
      637,
      760,
      763,
      767,
      872,
      1011,
      1014,
      1015,
      1021,
      1022,
      1023,
      1024,
      1025,
      1072
    ],
    "record_ids_path": "outputs/stage2_structured_incremental/r036_atomic_budget_precision_gate/activation_scan_review/activation_scan_merged_all/heldout_activation_rich_record_ids.txt",
    "sampling_policy": {
      "concentration_metrics_used_for_sampling": false,
      "max_records_per_doc": 5,
      "max_records_per_page": 3,
      "method": "doc_page_capped_sampling"
    }
  },
  "input_retrieval": "data/MMLongBench/sample-with-retrieval-results.json",
  "lambda_weight": 0.5,
  "no_full_ablation": true,
  "no_qa_run": true,
  "no_rerank_tuning": true,
  "original_plus_changed_count": 48,
  "original_plus_changed_ids": [
    115,
    116,
    117,
    206,
    207,
    208,
    209,
    210,
    211,
    212,
    213,
    216,
    217,
    289,
    290,
    291,
    292,
    293,
    294,
    295,
    296,
    453,
    454,
    455,
    456,
    457,
    458,
    460,
    632,
    633,
    634,
    635,
    636,
    637,
    638,
    639,
    640,
    641,
    763,
    1014,
    1015,
    1017,
    1021,
    1022,
    1025,
    1026,
    1028,
    1030
  ],
  "schema_version": "real_structured_artifact_activation_scan_v1",
  "strong_eligible_artifact_pages": {
    "05-03-18-political-release.pdf": [
      3
    ],
    "2005.12872v3.pdf": [
      8,
      12
    ],
    "2023.acl-long.386.pdf": [
      1,
      3,
      7
    ],
    "2023.findings-emnlp.248.pdf": [
      2,
      13
    ],
    "2210.02442v1.pdf": [
      3,
      4
    ],
    "2303.05039v2.pdf": [
      3
    ],
    "2307.09288v2.pdf": [
      53
    ],
    "3M_2018_10K.pdf": [
      20
    ],
    "NETFLIX_2015_10K.pdf": [
      20,
      23
    ],
    "NIKE_2021_10K.pdf": [
      33
    ],
    "PG_2021.03.04_US-Views-on-China_FINAL.pdf": [
      14
    ],
    "STEPBACK.pdf": [
      4,
      5
    ]
  },
  "strong_eligible_page_count": 19,
  "top_k": 4,
  "total_records": 1073,
  "uses_gold_fields": false
}