{
  "atomic_artifact_count": 259,
  "atomic_artifact_type_counts": {
    "numeric_fact": 120,
    "table_cell": 139
  },
  "atomic_artifacts": "outputs/stage2_structured_incremental/r035_atomic_coverage_probe/activation_scan_review/atomic_only/artifacts.jsonl",
  "atomic_pages": [
    "05-03-18-political-release.pdf#p003",
    "05-03-18-political-release.pdf#p003",
    "05-03-18-political-release.pdf#p003",
    "05-03-18-political-release.pdf#p003",
    "05-03-18-political-release.pdf#p003",
    "05-03-18-political-release.pdf#p003",
    "05-03-18-political-release.pdf#p003",
    "05-03-18-political-release.pdf#p003",
    "05-03-18-political-release.pdf#p003",
    "05-03-18-political-release.pdf#p003",
    "05-03-18-political-release.pdf#p003",
    "05-03-18-political-release.pdf#p003",
    "05-03-18-political-release.pdf#p003",
    "05-03-18-political-release.pdf#p003",
    "05-03-18-political-release.pdf#p003",
    "05-03-18-political-release.pdf#p003",
    "05-03-18-political-release.pdf#p003",
    "05-03-18-political-release.pdf#p003",
    "05-03-18-political-release.pdf#p003",
    "05-03-18-political-release.pdf#p003",
    "05-03-18-political-release.pdf#p003",
    "05-03-18-political-release.pdf#p003",
    "05-03-18-political-release.pdf#p003",
    "05-03-18-political-release.pdf#p003",
    "05-03-18-political-release.pdf#p003",
    "05-03-18-political-release.pdf#p003",
    "2005.12872v3.pdf#p008",
    "2005.12872v3.pdf#p008",
    "2005.12872v3.pdf#p008",
    "2005.12872v3.pdf#p008",
    "2005.12872v3.pdf#p008",
    "2005.12872v3.pdf#p008",
    "2005.12872v3.pdf#p008",
    "2005.12872v3.pdf#p008",
    "2005.12872v3.pdf#p008",
    "2005.12872v3.pdf#p008",
    "2005.12872v3.pdf#p008",
    "2005.12872v3.pdf#p008",
    "2005.12872v3.pdf#p008",
    "2005.12872v3.pdf#p008",
    "2005.12872v3.pdf#p008",
    "2005.12872v3.pdf#p008",
    "2005.12872v3.pdf#p008",
    "2005.12872v3.pdf#p008",
    "2005.12872v3.pdf#p008",
    "2005.12872v3.pdf#p008",
    "2005.12872v3.pdf#p008",
    "2005.12872v3.pdf#p008",
    "2005.12872v3.pdf#p008",
    "2005.12872v3.pdf#p008",
    "2005.12872v3.pdf#p012",
    "2005.12872v3.pdf#p012",
    "2005.12872v3.pdf#p012",
    "2005.12872v3.pdf#p012",
    "2005.12872v3.pdf#p012",
    "2005.12872v3.pdf#p012",
    "2005.12872v3.pdf#p012",
    "2005.12872v3.pdf#p012",
    "2005.12872v3.pdf#p012",
    "2005.12872v3.pdf#p012",
    "2005.12872v3.pdf#p012",
    "2005.12872v3.pdf#p012",
    "2005.12872v3.pdf#p012",
    "2005.12872v3.pdf#p012",
    "2005.12872v3.pdf#p012",
    "2005.12872v3.pdf#p012",
    "2005.12872v3.pdf#p012",
    "2005.12872v3.pdf#p012",
    "2005.12872v3.pdf#p012",
    "2005.12872v3.pdf#p012",
    "2005.12872v3.pdf#p012",
    "2005.12872v3.pdf#p012",
    "2005.12872v3.pdf#p012",
    "2005.12872v3.pdf#p012",
    "2005.12872v3.pdf#p012",
    "2005.12872v3.pdf#p012",
    "2005.12872v3.pdf#p012",
    "2005.12872v3.pdf#p012",
    "2005.12872v3.pdf#p012",
    "2005.12872v3.pdf#p012",
    "2005.12872v3.pdf#p012",
    "2005.12872v3.pdf#p012",
    "2023.acl-long.386.pdf#p001",
    "2023.acl-long.386.pdf#p001",
    "2023.acl-long.386.pdf#p001",
    "2023.acl-long.386.pdf#p001",
    "2023.acl-long.386.pdf#p001",
    "2023.acl-long.386.pdf#p001",
    "2023.acl-long.386.pdf#p001",
    "2023.acl-long.386.pdf#p001",
    "2023.acl-long.386.pdf#p001",
    "2023.acl-long.386.pdf#p001",
    "2023.acl-long.386.pdf#p001",
    "2023.acl-long.386.pdf#p001",
    "2023.acl-long.386.pdf#p001",
    "2023.acl-long.386.pdf#p001",
    "2023.acl-long.386.pdf#p001",
    "2023.acl-long.386.pdf#p001",
    "2023.acl-long.386.pdf#p001",
    "2023.acl-long.386.pdf#p001",
    "2023.acl-long.386.pdf#p001",
    "2023.acl-long.386.pdf#p001",
    "2023.acl-long.386.pdf#p001",
    "2023.acl-long.386.pdf#p001",
    "2023.acl-long.386.pdf#p001",
    "2023.acl-long.386.pdf#p001",
    "2023.acl-long.386.pdf#p003",
    "2023.acl-long.386.pdf#p003",
    "2023.acl-long.386.pdf#p003",
    "2023.acl-long.386.pdf#p003",
    "2023.acl-long.386.pdf#p003",
    "2023.acl-long.386.pdf#p003",
    "2023.acl-long.386.pdf#p003",
    "2023.acl-long.386.pdf#p003",
    "2023.acl-long.386.pdf#p003",
    "2023.acl-long.386.pdf#p003",
    "2023.acl-long.386.pdf#p003",
    "2023.acl-long.386.pdf#p003",
    "2023.acl-long.386.pdf#p003",
    "2023.acl-long.386.pdf#p003",
    "2023.acl-long.386.pdf#p003",
    "2023.acl-long.386.pdf#p003",
    "2023.acl-long.386.pdf#p003",
    "2023.acl-long.386.pdf#p003",
    "2023.acl-long.386.pdf#p003",
    "2023.acl-long.386.pdf#p003",
    "2023.acl-long.386.pdf#p003",
    "2023.acl-long.386.pdf#p003",
    "2023.acl-long.386.pdf#p003",
    "2023.acl-long.386.pdf#p003",
    "2023.findings-emnlp.248.pdf#p002",
    "2023.findings-emnlp.248.pdf#p002",
    "2023.findings-emnlp.248.pdf#p002",
    "2023.findings-emnlp.248.pdf#p002",
    "2023.findings-emnlp.248.pdf#p002",
    "2023.findings-emnlp.248.pdf#p002",
    "2023.findings-emnlp.248.pdf#p002",
    "2023.findings-emnlp.248.pdf#p002",
    "2023.findings-emnlp.248.pdf#p002",
    "2023.findings-emnlp.248.pdf#p002",
    "2023.findings-emnlp.248.pdf#p002",
    "2023.findings-emnlp.248.pdf#p002",
    "2023.findings-emnlp.248.pdf#p002",
    "2023.findings-emnlp.248.pdf#p002",
    "2023.findings-emnlp.248.pdf#p002",
    "2023.findings-emnlp.248.pdf#p002",
    "2023.findings-emnlp.248.pdf#p002",
    "2023.findings-emnlp.248.pdf#p002",
    "2023.findings-emnlp.248.pdf#p002",
    "2023.findings-emnlp.248.pdf#p002",
    "2023.findings-emnlp.248.pdf#p002",
    "2023.findings-emnlp.248.pdf#p002",
    "2023.findings-emnlp.248.pdf#p002",
    "2023.findings-emnlp.248.pdf#p002",
    "2023.findings-emnlp.248.pdf#p013",
    "2023.findings-emnlp.248.pdf#p013",
    "2023.findings-emnlp.248.pdf#p013",
    "2023.findings-emnlp.248.pdf#p013",
    "2023.findings-emnlp.248.pdf#p013",
    "2023.findings-emnlp.248.pdf#p013",
    "2023.findings-emnlp.248.pdf#p013",
    "2023.findings-emnlp.248.pdf#p013",
    "2023.findings-emnlp.248.pdf#p013",
    "2023.findings-emnlp.248.pdf#p013",
    "2023.findings-emnlp.248.pdf#p013",
    "2023.findings-emnlp.248.pdf#p013",
    "2023.findings-emnlp.248.pdf#p013",
    "2023.findings-emnlp.248.pdf#p013",
    "2023.findings-emnlp.248.pdf#p013",
    "2023.findings-emnlp.248.pdf#p013",
    "2023.findings-emnlp.248.pdf#p013",
    "2023.findings-emnlp.248.pdf#p013",
    "2023.findings-emnlp.248.pdf#p013",
    "2023.findings-emnlp.248.pdf#p013",
    "2023.findings-emnlp.248.pdf#p013",
    "2023.findings-emnlp.248.pdf#p013",
    "2023.findings-emnlp.248.pdf#p013",
    "2023.findings-emnlp.248.pdf#p013",
    "2210.02442v1.pdf#p003",
    "2210.02442v1.pdf#p003",
    "2210.02442v1.pdf#p003",
    "2210.02442v1.pdf#p003",
    "2210.02442v1.pdf#p003",
    "2210.02442v1.pdf#p003",
    "2210.02442v1.pdf#p003",
    "2210.02442v1.pdf#p003",
    "2210.02442v1.pdf#p003",
    "2210.02442v1.pdf#p003",
    "2210.02442v1.pdf#p003",
    "2210.02442v1.pdf#p003",
    "2210.02442v1.pdf#p003",
    "2210.02442v1.pdf#p003",
    "2210.02442v1.pdf#p003",
    "2210.02442v1.pdf#p003",
    "2210.02442v1.pdf#p003",
    "2210.02442v1.pdf#p003",
    "2210.02442v1.pdf#p003",
    "2210.02442v1.pdf#p003",
    "2210.02442v1.pdf#p003",
    "2210.02442v1.pdf#p003",
    "2210.02442v1.pdf#p003",
    "2210.02442v1.pdf#p003",
    "2210.02442v1.pdf#p003",
    "2210.02442v1.pdf#p003",
    "2210.02442v1.pdf#p003",
    "2210.02442v1.pdf#p003",
    "2210.02442v1.pdf#p003",
    "2210.02442v1.pdf#p003",
    "2210.02442v1.pdf#p003",
    "2210.02442v1.pdf#p003",
    "2210.02442v1.pdf#p004",
    "2210.02442v1.pdf#p004",
    "2210.02442v1.pdf#p004",
    "2210.02442v1.pdf#p004",
    "2210.02442v1.pdf#p004",
    "2210.02442v1.pdf#p004",
    "2210.02442v1.pdf#p004",
    "2210.02442v1.pdf#p004",
    "2210.02442v1.pdf#p004",
    "2210.02442v1.pdf#p004",
    "2210.02442v1.pdf#p004",
    "2210.02442v1.pdf#p004",
    "2210.02442v1.pdf#p004",
    "2210.02442v1.pdf#p004",
    "2210.02442v1.pdf#p004",
    "2210.02442v1.pdf#p004",
    "2210.02442v1.pdf#p004",
