{
  "atomic_artifact_count": 78,
  "atomic_artifact_type_counts": {
    "numeric_fact": 36,
    "table_cell": 42
  },
  "atomic_artifacts": "outputs/stage2_structured_incremental/r034_activation_scan_review/atomic_only/artifacts.jsonl",
  "atomic_pages": [
    "2401.18059v1.pdf#p006",
    "2401.18059v1.pdf#p006",
    "2401.18059v1.pdf#p006",
    "2401.18059v1.pdf#p006",
    "2401.18059v1.pdf#p006",
    "2401.18059v1.pdf#p006",
    "2401.18059v1.pdf#p006",
    "2401.18059v1.pdf#p006",
    "2401.18059v1.pdf#p006",
    "2401.18059v1.pdf#p006",
    "2401.18059v1.pdf#p006",
    "2401.18059v1.pdf#p006",
    "2401.18059v1.pdf#p006",
    "2401.18059v1.pdf#p006",
    "2401.18059v1.pdf#p006",
    "2401.18059v1.pdf#p006",
    "2401.18059v1.pdf#p006",
    "2401.18059v1.pdf#p006",
    "2401.18059v1.pdf#p006",
    "2401.18059v1.pdf#p006",
    "2401.18059v1.pdf#p006",
    "2401.18059v1.pdf#p006",
    "2401.18059v1.pdf#p006",
    "2401.18059v1.pdf#p006",
    "2401.18059v1.pdf#p006",
    "2401.18059v1.pdf#p006",
    "2401.18059v1.pdf#p006",
    "2401.18059v1.pdf#p006",
    "2401.18059v1.pdf#p006",
    "2401.18059v1.pdf#p006",
    "936c0e2c2e6c8e0c07c51bfaf7fd0a83.pdf#p003",
    "936c0e2c2e6c8e0c07c51bfaf7fd0a83.pdf#p003",
    "936c0e2c2e6c8e0c07c51bfaf7fd0a83.pdf#p003",
    "936c0e2c2e6c8e0c07c51bfaf7fd0a83.pdf#p003",
    "936c0e2c2e6c8e0c07c51bfaf7fd0a83.pdf#p003",
    "936c0e2c2e6c8e0c07c51bfaf7fd0a83.pdf#p003",
    "936c0e2c2e6c8e0c07c51bfaf7fd0a83.pdf#p003",
    "936c0e2c2e6c8e0c07c51bfaf7fd0a83.pdf#p003",
    "936c0e2c2e6c8e0c07c51bfaf7fd0a83.pdf#p003",
    "936c0e2c2e6c8e0c07c51bfaf7fd0a83.pdf#p003",
    "936c0e2c2e6c8e0c07c51bfaf7fd0a83.pdf#p003",
    "936c0e2c2e6c8e0c07c51bfaf7fd0a83.pdf#p003",
    "936c0e2c2e6c8e0c07c51bfaf7fd0a83.pdf#p003",
    "936c0e2c2e6c8e0c07c51bfaf7fd0a83.pdf#p003",
    "936c0e2c2e6c8e0c07c51bfaf7fd0a83.pdf#p003",
    "936c0e2c2e6c8e0c07c51bfaf7fd0a83.pdf#p003",
    "936c0e2c2e6c8e0c07c51bfaf7fd0a83.pdf#p003",
    "936c0e2c2e6c8e0c07c51bfaf7fd0a83.pdf#p003",
    "936c0e2c2e6c8e0c07c51bfaf7fd0a83.pdf#p003",
    "936c0e2c2e6c8e0c07c51bfaf7fd0a83.pdf#p003",
    "936c0e2c2e6c8e0c07c51bfaf7fd0a83.pdf#p003",
    "936c0e2c2e6c8e0c07c51bfaf7fd0a83.pdf#p003",
    "936c0e2c2e6c8e0c07c51bfaf7fd0a83.pdf#p003",
    "936c0e2c2e6c8e0c07c51bfaf7fd0a83.pdf#p003",
    "BESTBUY_2023_10K.pdf#p026",
    "BESTBUY_2023_10K.pdf#p026",
    "BESTBUY_2023_10K.pdf#p026",
    "BESTBUY_2023_10K.pdf#p026",
    "BESTBUY_2023_10K.pdf#p026",
    "BESTBUY_2023_10K.pdf#p026",
    "BESTBUY_2023_10K.pdf#p026",
    "BESTBUY_2023_10K.pdf#p026",
    "BESTBUY_2023_10K.pdf#p026",
    "BESTBUY_2023_10K.pdf#p026",
    "BESTBUY_2023_10K.pdf#p026",
    "BESTBUY_2023_10K.pdf#p026",
    "BESTBUY_2023_10K.pdf#p026",
    "BESTBUY_2023_10K.pdf#p026",
    "BESTBUY_2023_10K.pdf#p026",
    "BESTBUY_2023_10K.pdf#p026",
    "BESTBUY_2023_10K.pdf#p026",
    "BESTBUY_2023_10K.pdf#p026",
    "BESTBUY_2023_10K.pdf#p026",
    "BESTBUY_2023_10K.pdf#p026",
    "BESTBUY_2023_10K.pdf#p026",
    "BESTBUY_2023_10K.pdf#p026",
    "BESTBUY_2023_10K.pdf#p026",
    "BESTBUY_2023_10K.pdf#p026"
  ],
  "base_artifact_count": 64,
  "base_artifacts": "outputs/stage2_structured_incremental/r028_10_to_20/cumulative/artifacts.jsonl",
  "base_kept_count": 64,
  "merged_artifact_count": 147,
  "merged_artifacts": "outputs/stage2_structured_incremental/r034_activation_scan_review/merged_cumulative20_plus_r030/artifacts.jsonl",
  "no_graph": true,
  "no_qa_run": true,
  "no_rerank_tuning": true,
  "not_merged_into_cumulative_artifacts": true,
  "r030_artifact_count": 83,
  "r030_artifacts": "outputs/stage2_structured_incremental/r033_generic_atomicizer/same3_replay/stage2_delta/artifacts.jsonl",
  "r030_replaced_pages": [
    "2401.18059v1.pdf#p006",
    "936c0e2c2e6c8e0c07c51bfaf7fd0a83.pdf#p003",
    "BESTBUY_2023_10K.pdf#p026"
  ],
  "schema_version": "r031_temporary_artifact_store_v1"
}