{
  "activated_count": 32,
  "activated_ids": [
    206,
    207,
    208,
    209,
    210,
    211,
    212,
    213,
    216,
    217,
    289,
    290,
    291,
    292,
    293,
    294,
    295,
    296,
    547,
    548,
    629,
    631,
    633,
    634,
    635,
    636,
    637,
    639,
    760,
    763,
    767,
    768
  ],
  "artifacts": "outputs/stage2_structured_incremental/r036_atomic_budget_precision_gate/activation_scan_review/atomic_only/artifacts.jsonl",
  "changed_count": 40,
  "changed_ids": [
    206,
    207,
    208,
    209,
    210,
    211,
    212,
    213,
    214,
    215,
    216,
    217,
    289,
    290,
    291,
    292,
    293,
    294,
    295,
    296,
    546,
    547,
    548,
    625,
    628,
    630,
    632,
    633,
    634,
    635,
    636,
    637,
    638,
    639,
    640,
    641,
    760,
    763,
    767,
    768
  ],
  "concentration": {
    "activated_by_doc": {
      "05-03-18-political-release.pdf": 10,
      "2005.12872v3.pdf": 2,
      "2023.acl-long.386.pdf": 6,
      "2023.findings-emnlp.248.pdf": 2,
      "2210.02442v1.pdf": 4,
      "2303.05039v2.pdf": 8
    },
    "activated_by_page": {
      "05-03-18-political-release.pdf#p003": 10,
      "2005.12872v3.pdf#p008": 2,
      "2005.12872v3.pdf#p012": 2,
      "2023.acl-long.386.pdf#p001": 3,
      "2023.acl-long.386.pdf#p003": 5,
      "2023.findings-emnlp.248.pdf#p002": 1,
      "2023.findings-emnlp.248.pdf#p013": 1,
      "2210.02442v1.pdf#p003": 4,
      "2210.02442v1.pdf#p004": 2,
      "2303.05039v2.pdf#p003": 8
    },
    "effective_num_docs": 4.571429,
    "effective_num_pages": 6.333333,
    "max_doc_share": 0.3125,
    "max_page_share": 0.3125,
    "purpose": "external_validity_diagnostic_only",
    "used_for_reranking": false,
    "uses_gold_fields": false
  },
  "concentration_metrics_used_for_reranking": false,
  "decision": "do_not_run_effectiveness_gate_expand_stage2_coverage",
  "eligible_for_heldout_count": 22,
  "excluded_prior_policy_top30_count": 12,
  "heldout_activation_rich_subset": {
    "available": false,
    "max_requested": 50,
    "min_required": 30,
    "num_records": 15,
    "reason_unavailable": "doc/page capped activated records are below min-heldout",
    "record_ids": [
      289,
      290,
      291,
      547,
      548,
      629,
      631,
      633,
      634,
      635,
      636,
      637,
      760,
      763,
      767
    ],
    "record_ids_path": null,
    "sampling_policy": {
      "concentration_metrics_used_for_sampling": false,
      "max_records_per_doc": 5,
      "max_records_per_page": 3,
      "method": "doc_page_capped_sampling"
    }
  },
  "input_retrieval": "data/MMLongBench/sample-with-retrieval-results.json",
  "lambda_weight": 0.5,
  "no_full_ablation": true,
  "no_qa_run": true,
  "no_rerank_tuning": true,
  "original_plus_changed_count": 27,
  "original_plus_changed_ids": [
    206,
    207,
    208,
    209,
    210,
    211,
    212,
    213,
    216,
    217,
    289,
    290,
    291,
    292,
    293,
    294,
    295,
    296,
    632,
    633,
    634,
    635,
    636,
    637,
    639,
    640,
    763
  ],
  "schema_version": "real_structured_artifact_activation_scan_v1",
  "strong_eligible_artifact_pages": {
    "05-03-18-political-release.pdf": [
      3
    ],
    "2005.12872v3.pdf": [
      8,
      12
    ],
    "2023.acl-long.386.pdf": [
      1,
      3
    ],
    "2023.findings-emnlp.248.pdf": [
      2,
      13
    ],
    "2210.02442v1.pdf": [
      3,
      4
    ],
    "2303.05039v2.pdf": [
      3
    ]
  },
  "strong_eligible_page_count": 10,
  "top_k": 4,
  "total_records": 1073,
  "uses_gold_fields": false
}