{
  "coverage_at_k_by_page": {
    "1": 0.023019571295433364,
    "3": 0.03423423423423424,
    "5": 0.036564150357253807
  },
  "evaluation_only": true,
  "no_gold_available_count": 226,
  "num_queries": 1073,
  "num_queries_with_gold": 847,
  "recall_at_k_by_page": {
    "1": 0.02982292637465051,
    "3": 0.04287045666356011,
    "5": 0.045666356011183594
  },
  "retrieved_artifact_type_distribution": {
    "caption": 86,
    "figure": 115,
    "numeric_fact": 18,
    "section_header": 44,
    "table": 10,
    "table_cell": 9,
    "text_span": 206,
    "visual_observation": 53,
    "visual_region": 89
  },
  "retrieved_modality_distribution": {
    "image": 168,
    "layout": 133,
    "numeric": 18,
    "table": 19,
    "text": 292
  },
  "zero_hit_query_count": 947
}