{
  "coverage_at_k_by_page": {
    "1": 0.023019571295433364,
    "3": 0.03423423423423424,
    "5": 0.036564150357253807
  },
  "evaluation_only": true,
  "no_gold_available_count": 226,
  "num_queries": 1073,
  "num_queries_with_gold": 847,
  "recall_at_k_by_page": {
    "1": 0.02982292637465051,
    "3": 0.04287045666356011,
    "5": 0.045666356011183594
  },
  "retrieved_artifact_type_distribution": {
    "caption": 98,
    "figure": 54,
    "numeric_fact": 86,
    "section_header": 92,
    "table": 42,
    "table_cell": 9,
    "text_span": 226,
    "visual_observation": 16,
    "visual_region": 7
  },
  "retrieved_modality_distribution": {
    "image": 70,
    "layout": 99,
    "numeric": 86,
    "table": 51,
    "text": 324
  },
  "zero_hit_query_count": 947
}