{
  "activated_count": 81,
  "activated_ids": [
    364,
    366,
    367,
    368,
    373,
    374,
    375,
    376,
    377,
    378,
    380,
    383,
    384,
    385,
    390,
    391,
    394,
    396,
    397,
    398,
    399,
    400,
    507,
    508,
    509,
    510,
    511,
    512,
    513,
    514,
    516,
    517,
    995,
    996,
    998,
    999,
    1000,
    1001,
    1002,
    1003,
    1004,
    1005,
    1006,
    1007,
    1008,
    1009,
    1011,
    1012,
    1013,
    1014,
    1015,
    1016,
    1017,
    1018,
    1019,
    1020,
    1033,
    1034,
    1035,
    1036,
    1037,
    1038,
    1039,
    1040,
    1043,
    1044,
    1045,
    1046,
    1052,
    1053,
    1057,
    1058,
    1059,
    1060,
    1061,
    1062,
    1063,
    1064,
    1065,
    1067,
    1068
  ],
  "artifacts": "outputs/stage2_structured_incremental/r038d_activation_attribution_audit/cumulative20_plus_r037/atomic_only/artifacts.jsonl",
  "changed_count": 48,
  "changed_ids": [
    366,
    367,
    373,
    374,
    387,
    390,
    391,
    399,
    507,
    508,
    509,
    511,
    513,
    514,
    516,
    999,
    1000,
    1001,
    1002,
    1003,
    1004,
    1005,
    1006,
    1008,
    1010,
    1013,
    1014,
    1017,
    1018,
    1019,
    1020,
    1034,
    1038,
    1045,
    1046,
    1052,
    1053,
    1054,
    1057,
    1058,
    1060,
    1061,
    1062,
    1063,
    1064,
    1065,
    1067,
    1068
  ],
  "concentration": {
    "activated_by_doc": {
      "8dfc21ec151fb9d3578fc32d5c4e5df9.pdf": 10,
      "AMAZON_2017_10K.pdf": 12,
      "BESTBUY_2023_10K.pdf": 13,
      "COSTCO_2021_10K.pdf": 14,
      "NETFLIX_2015_10K.pdf": 10,
      "afe620b9beac86c1027b96d31d396407.pdf": 11,
      "e79deb02a0c0e87511080836c5d4347b.pdf": 11
    },
    "activated_by_page": {
      "8dfc21ec151fb9d3578fc32d5c4e5df9.pdf#p008": 10,
      "AMAZON_2017_10K.pdf#p036": 11,
      "AMAZON_2017_10K.pdf#p039": 10,
      "BESTBUY_2023_10K.pdf#p031": 10,
      "BESTBUY_2023_10K.pdf#p043": 10,
      "COSTCO_2021_10K.pdf#p037": 13,
      "COSTCO_2021_10K.pdf#p039": 13,
      "NETFLIX_2015_10K.pdf#p039": 10,
      "afe620b9beac86c1027b96d31d396407.pdf#p012": 11,
      "e79deb02a0c0e87511080836c5d4347b.pdf#p010": 11
    },
    "effective_num_docs": 6.899054,
    "effective_num_pages": 9.89259,
    "max_doc_share": 0.1728395061728395,
    "max_page_share": 0.16049382716049382,
    "purpose": "external_validity_diagnostic_only",
    "used_for_reranking": false,
    "uses_gold_fields": false
  },
  "concentration_metrics_used_for_reranking": false,
  "decision": "do_not_run_effectiveness_gate_expand_stage2_coverage",
  "eligible_for_heldout_count": 81,
  "excluded_prior_policy_top30_count": 0,
  "heldout_activation_rich_subset": {
    "available": false,
    "max_requested": 50,
    "min_required": 30,
    "num_records": 25,
    "reason_unavailable": "doc/page capped activated records are below min-heldout",
    "record_ids": [
      364,
      366,
      367,
      383,
      384,
      385,
      507,
      508,
      509,
      995,
      996,
      998,
      1009,
      1011,
      1012,
      1013,
      1033,
      1034,
      1035,
      1043,
      1052,
      1053,
      1057,
      1058,
      1062
    ],
    "record_ids_path": null,
    "sampling_policy": {
      "concentration_metrics_used_for_sampling": false,
      "max_records_per_doc": 5,
      "max_records_per_page": 3,
      "method": "doc_page_capped_sampling"
    }
  },
  "input_retrieval": "data/MMLongBench/sample-with-retrieval-results.json",
  "lambda_weight": 0.5,
  "no_full_ablation": true,
  "no_qa_run": true,
  "no_rerank_tuning": true,
  "original_plus_changed_count": 39,
  "original_plus_changed_ids": [
    367,
    373,
    374,
    390,
    391,
    399,
    507,
    508,
    509,
    511,
    513,
    514,
    516,
    999,
    1000,
    1002,
    1003,
    1006,
    1013,
    1014,
    1017,
    1018,
    1019,
    1020,
    1038,
    1045,
    1046,
    1052,
    1053,
    1057,
    1058,
    1060,
    1061,
    1062,
    1063,
    1064,
    1065,
    1067,
    1068
  ],
  "schema_version": "real_structured_artifact_activation_scan_v1",
  "strong_eligible_artifact_pages": {
    "8dfc21ec151fb9d3578fc32d5c4e5df9.pdf": [
      8
    ],
    "AMAZON_2017_10K.pdf": [
      36,
      39
    ],
    "BESTBUY_2023_10K.pdf": [
      31,
      43
    ],
    "COSTCO_2021_10K.pdf": [
      37,
      39
    ],
    "NETFLIX_2015_10K.pdf": [
      39
    ],
    "afe620b9beac86c1027b96d31d396407.pdf": [
      12
    ],
    "e79deb02a0c0e87511080836c5d4347b.pdf": [
      10
    ]
  },
  "strong_eligible_page_count": 10,
  "top_k": 4,
  "total_records": 1073,
  "uses_gold_fields": false
}